{
  "_meta": {
    "builtAtBlock": 47872723,
    "chain": "base",
    "vaults": [
      "0x9789c459f08896148E8D1a8b2B7a4Bb95FAAf8B2"
    ],
    "note": "water-driven levels; $1=1 level; absent crewId = level 0"
  },
  "endowments": {
    "0x2E2AB7ae48876f1b4497A04d864C025f7DF58e1f:51": {
      "_diffuse": 4.499999
    },
    "0x8C1f935F6DbB17d593BF3EC8114A2f045e350545:50": {
      "_diffuse": 0.499999
    },
    "0x8C1f935F6DbB17d593BF3EC8114A2f045e350545:51": {
      "_diffuse": 0.499999
    },
    "0x8C1f935F6DbB17d593BF3EC8114A2f045e350545:52": {
      "_diffuse": 0.499999
    },
    "0x8C1f935F6DbB17d593BF3EC8114A2f045e350545:53": {
      "_diffuse": 0.499999
    },
    "0x8C1f935F6DbB17d593BF3EC8114A2f045e350545:54": {
      "_diffuse": 0.499999
    },
    "0x8C1f935F6DbB17d593BF3EC8114A2f045e350545:55": {
      "_diffuse": 0.499999
    },
    "0x8C1f935F6DbB17d593BF3EC8114A2f045e350545:56": {
      "_diffuse": 0.499999
    },
    "0x8C1f935F6DbB17d593BF3EC8114A2f045e350545:57": {
      "_diffuse": 0.499999
    },
    "0x8C1f935F6DbB17d593BF3EC8114A2f045e350545:58": {
      "_diffuse": 0.499999
    },
    "0x8C1f935F6DbB17d593BF3EC8114A2f045e350545:59": {
      "_diffuse": 0.499999
    }
  }
}